{"vegas": {"1": {"1": {"delay": 207.353, "loss": 0.01201096296641102, "tput": 4.948558524257391}, "all": {"delay": 207.353, "loss": 0.01201096296641102, "tput": 4.948558524257391}}}, "bbr": {"1": {"1": {"delay": 205.033, "loss": 0.003959466571995085, "tput": 44.25719308793267}, "all": {"delay": 205.033, "loss": 0.003959466571995085, "tput": 44.25719308793267}}}, "cubic": {"1": {"1": {"delay": 209.519, "loss": 0.006498284762264883, "tput": 9.455273246139882}, "all": {"delay": 209.519, "loss": 0.006498284762264883, "tput": 9.455273246139882}}}}