{"bbr": {"1": {"1": {"delay": 8.659, "loss": 0.0008146619600929439, "tput": 117.92825607948397}, "all": {"delay": 8.659, "loss": 0.0008146619600929439, "tput": 117.92825607948397}}}, "cubic": {"1": {"1": {"delay": 22.466, "loss": 0.003467028363694613, "tput": 117.99173615070912}, "all": {"delay": 22.466, "loss": 0.003467028363694613, "tput": 117.99173615070912}}}}