{"vegas": {"1": {"1": {"delay": 435.769, "loss": 0.004932270617203249, "tput": 11.913472269817156}, "all": {"delay": 435.769, "loss": 0.004932270617203249, "tput": 11.913472269817156}}}, "bbr": {"1": {"1": {"delay": 155.088, "loss": 0.0017865549340420062, "tput": 11.40909492882994}, "all": {"delay": 155.088, "loss": 0.0017865549340420062, "tput": 11.40909492882994}}}, "cubic": {"1": {"1": {"delay": 1684.238, "loss": 0.020748366699963383, "tput": 11.921234746706787}, "all": {"delay": 1684.238, "loss": 0.020748366699963383, "tput": 11.921234746706787}}}}